﻿<?xml version="1.0" encoding="utf-8"?>
<Parameter xmlns:xsi="http://www.w3.org/2001/XMLSchema-instance" xmlns:xsd="http://www.w3.org/2001/XMLSchema">
    <PlateMotorInitSpeed>1000</PlateMotorInitSpeed>
    <PlateMotorRunSpeed>500</PlateMotorRunSpeed>
    <PumpMotorRunSpeed>200</PumpMotorRunSpeed>
    <OpenDoorPos>10000</OpenDoorPos>
    <CloseDoorPos>0</CloseDoorPos>
    <MesPosLen>200</MesPosLen>
    <PumpLen>4450</PumpLen>
    <PumpSuckLen>1250</PumpSuckLen>
    <ReadRluTime>50</ReadRluTime>
    <ReadRluTimes>100</ReadRluTimes>
</Parameter>